"filename", "language", "JavaScript", "XML", "JSON with Comments", "JSON", "CSS", "Markdown", "HTML", "Groovy", "Batch", "Properties", "TypeScript JSX", "YAML", "Java", "Swift", "comment", "blank", "total"
"/Users/jeremy/Code/Sooh/sooh-admin/.eslintrc.json", "JSON with Comments", 0, 0, 18, 0, 0, 0, 0, 0, 0, 0, 0, 0, 0, 0, 0, 1, 19
"/Users/jeremy/Code/Sooh/sooh-admin/.github/workflows/firebase-hosting-merge.yml", "YAML", 0, 0, 0, 0, 0, 0, 0, 0, 0, 0, 0, 17, 0, 0, 2, 2, 21
"/Users/jeremy/Code/Sooh/sooh-admin/.github/workflows/firebase-hosting-pull-request.yml", "YAML", 0, 0, 0, 0, 0, 0, 0, 0, 0, 0, 0, 14, 0, 0, 2, 2, 18
"/Users/jeremy/Code/Sooh/sooh-admin/CHANGELOG.md", "Markdown", 0, 0, 0, 0, 0, 57, 0, 0, 0, 0, 0, 0, 0, 0, 0, 50, 107
"/Users/jeremy/Code/Sooh/sooh-admin/README.md", "Markdown", 0, 0, 0, 0, 0, 19, 0, 0, 0, 0, 0, 0, 0, 0, 0, 8, 27
"/Users/jeremy/Code/Sooh/sooh-admin/android/app/build.gradle", "Groovy", 0, 0, 0, 0, 0, 0, 0, 47, 0, 0, 0, 0, 0, 0, 2, 6, 55
"/Users/jeremy/Code/Sooh/sooh-admin/android/app/capacitor.build.gradle", "Groovy", 0, 0, 0, 0, 0, 0, 0, 12, 0, 0, 0, 0, 0, 0, 1, 7, 20
"/Users/jeremy/Code/Sooh/sooh-admin/android/app/src/androidTest/java/com/getcapacitor/myapp/ExampleInstrumentedTest.java", "Java", 0, 0, 0, 0, 0, 0, 0, 0, 0, 0, 0, 0, 15, 0, 6, 6, 27
"/Users/jeremy/Code/Sooh/sooh-admin/android/app/src/main/AndroidManifest.xml", "XML", 0, 33, 0, 0, 0, 0, 0, 0, 0, 0, 0, 0, 0, 0, 1, 8, 42
"/Users/jeremy/Code/Sooh/sooh-admin/android/app/src/main/java/com/sooh/sooh/MainActivity.java", "Java", 0, 0, 0, 0, 0, 0, 0, 0, 0, 0, 0, 0, 3, 0, 0, 3, 6
"/Users/jeremy/Code/Sooh/sooh-admin/android/app/src/main/res/drawable-v24/ic_launcher_foreground.xml", "XML", 0, 34, 0, 0, 0, 0, 0, 0, 0, 0, 0, 0, 0, 0, 0, 1, 35
"/Users/jeremy/Code/Sooh/sooh-admin/android/app/src/main/res/drawable/ic_launcher_background.xml", "XML", 0, 170, 0, 0, 0, 0, 0, 0, 0, 0, 0, 0, 0, 0, 0, 1, 171
"/Users/jeremy/Code/Sooh/sooh-admin/android/app/src/main/res/layout/activity_main.xml", "XML", 0, 11, 0, 0, 0, 0, 0, 0, 0, 0, 0, 0, 0, 0, 0, 2, 13
"/Users/jeremy/Code/Sooh/sooh-admin/android/app/src/main/res/mipmap-anydpi-v26/ic_launcher.xml", "XML", 0, 5, 0, 0, 0, 0, 0, 0, 0, 0, 0, 0, 0, 0, 0, 0, 5
"/Users/jeremy/Code/Sooh/sooh-admin/android/app/src/main/res/mipmap-anydpi-v26/ic_launcher_round.xml", "XML", 0, 5, 0, 0, 0, 0, 0, 0, 0, 0, 0, 0, 0, 0, 0, 0, 5
"/Users/jeremy/Code/Sooh/sooh-admin/android/app/src/main/res/values/ic_launcher_background.xml", "XML", 0, 4, 0, 0, 0, 0, 0, 0, 0, 0, 0, 0, 0, 0, 0, 0, 4
"/Users/jeremy/Code/Sooh/sooh-admin/android/app/src/main/res/values/strings.xml", "XML", 0, 7, 0, 0, 0, 0, 0, 0, 0, 0, 0, 0, 0, 0, 0, 1, 8
"/Users/jeremy/Code/Sooh/sooh-admin/android/app/src/main/res/values/styles.xml", "XML", 0, 16, 0, 0, 0, 0, 0, 0, 0, 0, 0, 0, 0, 0, 2, 4, 22
"/Users/jeremy/Code/Sooh/sooh-admin/android/app/src/main/res/xml/file_paths.xml", "XML", 0, 5, 0, 0, 0, 0, 0, 0, 0, 0, 0, 0, 0, 0, 0, 0, 5
"/Users/jeremy/Code/Sooh/sooh-admin/android/app/src/test/java/com/getcapacitor/myapp/ExampleUnitTest.java", "Java", 0, 0, 0, 0, 0, 0, 0, 0, 0, 0, 0, 0, 9, 0, 5, 5, 19
"/Users/jeremy/Code/Sooh/sooh-admin/android/build.gradle", "Groovy", 0, 0, 0, 0, 0, 0, 0, 20, 0, 0, 0, 0, 0, 0, 3, 7, 30
"/Users/jeremy/Code/Sooh/sooh-admin/android/capacitor.settings.gradle", "Groovy", 0, 0, 0, 0, 0, 0, 0, 2, 0, 0, 0, 0, 0, 0, 1, 1, 4
"/Users/jeremy/Code/Sooh/sooh-admin/android/gradle.properties", "Properties", 0, 0, 0, 0, 0, 0, 0, 0, 0, 2, 0, 0, 0, 0, 15, 6, 23
"/Users/jeremy/Code/Sooh/sooh-admin/android/gradle/wrapper/gradle-wrapper.properties", "Properties", 0, 0, 0, 0, 0, 0, 0, 0, 0, 6, 0, 0, 0, 0, 0, 1, 7
"/Users/jeremy/Code/Sooh/sooh-admin/android/gradlew.bat", "Batch", 0, 0, 0, 0, 0, 0, 0, 0, 41, 0, 0, 0, 0, 0, 30, 22, 93
"/Users/jeremy/Code/Sooh/sooh-admin/android/settings.gradle", "Groovy", 0, 0, 0, 0, 0, 0, 0, 4, 0, 0, 0, 0, 0, 0, 0, 1, 5
"/Users/jeremy/Code/Sooh/sooh-admin/android/variables.gradle", "Groovy", 0, 0, 0, 0, 0, 0, 0, 16, 0, 0, 0, 0, 0, 0, 0, 0, 16
"/Users/jeremy/Code/Sooh/sooh-admin/capacitor.config.json", "JSON", 0, 0, 0, 8, 0, 0, 0, 0, 0, 0, 0, 0, 0, 0, 0, 1, 9
"/Users/jeremy/Code/Sooh/sooh-admin/dist/assets/404-illustration-a20d59b6.svg", "XML", 0, 1, 0, 0, 0, 0, 0, 0, 0, 0, 0, 0, 0, 0, 0, 0, 1
"/Users/jeremy/Code/Sooh/sooh-admin/dist/assets/announcement-icon-90ad60fe.svg", "XML", 0, 34, 0, 0, 0, 0, 0, 0, 0, 0, 0, 0, 0, 0, 0, 0, 34
"/Users/jeremy/Code/Sooh/sooh-admin/dist/assets/company-icon-01-32e04494.svg", "XML", 0, 1, 0, 0, 0, 0, 0, 0, 0, 0, 0, 0, 0, 0, 0, 0, 1
"/Users/jeremy/Code/Sooh/sooh-admin/dist/assets/company-icon-02-e629c891.svg", "XML", 0, 1, 0, 0, 0, 0, 0, 0, 0, 0, 0, 0, 0, 0, 0, 0, 1
"/Users/jeremy/Code/Sooh/sooh-admin/dist/assets/company-icon-03-4964b83a.svg", "XML", 0, 1, 0, 0, 0, 0, 0, 0, 0, 0, 0, 0, 0, 0, 0, 0, 1
"/Users/jeremy/Code/Sooh/sooh-admin/dist/assets/company-icon-04-d05a5457.svg", "XML", 0, 1, 0, 0, 0, 0, 0, 0, 0, 0, 0, 0, 0, 0, 0, 0, 1
"/Users/jeremy/Code/Sooh/sooh-admin/dist/assets/company-icon-05-486bb82b.svg", "XML", 0, 1, 0, 0, 0, 0, 0, 0, 0, 0, 0, 0, 0, 0, 0, 0, 1
"/Users/jeremy/Code/Sooh/sooh-admin/dist/assets/company-icon-06-9759150f.svg", "XML", 0, 1, 0, 0, 0, 0, 0, 0, 0, 0, 0, 0, 0, 0, 0, 0, 1
"/Users/jeremy/Code/Sooh/sooh-admin/dist/assets/company-icon-07-e12b2232.svg", "XML", 0, 1, 0, 0, 0, 0, 0, 0, 0, 0, 0, 0, 0, 0, 0, 0, 1
"/Users/jeremy/Code/Sooh/sooh-admin/dist/assets/company-icon-08-11fc3a9c.svg", "XML", 0, 1, 0, 0, 0, 0, 0, 0, 0, 0, 0, 0, 0, 0, 0, 0, 1
"/Users/jeremy/Code/Sooh/sooh-admin/dist/assets/favicon-17e50649.svg", "XML", 0, 15, 0, 0, 0, 0, 0, 0, 0, 0, 0, 0, 0, 0, 0, 1, 16
"/Users/jeremy/Code/Sooh/sooh-admin/dist/assets/icon-01-e89d7385.svg", "XML", 0, 20, 0, 0, 0, 0, 0, 0, 0, 0, 0, 0, 0, 0, 0, 0, 20
"/Users/jeremy/Code/Sooh/sooh-admin/dist/assets/icon-02-d3838050.svg", "XML", 0, 20, 0, 0, 0, 0, 0, 0, 0, 0, 0, 0, 0, 0, 0, 0, 20
"/Users/jeremy/Code/Sooh/sooh-admin/dist/assets/icon-03-53e50533.svg", "XML", 0, 20, 0, 0, 0, 0, 0, 0, 0, 0, 0, 0, 0, 0, 0, 0, 20
"/Users/jeremy/Code/Sooh/sooh-admin/dist/assets/index-58bf0341.js", "JavaScript", 334, 0, 0, 0, 0, 0, 0, 0, 0, 0, 0, 0, 0, 0, 3545, 9, 3888
"/Users/jeremy/Code/Sooh/sooh-admin/dist/assets/index-b63bc802.css", "CSS", 0, 0, 0, 0, 1, 0, 0, 0, 0, 0, 0, 0, 0, 0, 0, 1, 2
"/Users/jeremy/Code/Sooh/sooh-admin/dist/assets/transactions-image-01-56299e39.svg", "XML", 0, 4, 0, 0, 0, 0, 0, 0, 0, 0, 0, 0, 0, 0, 0, 0, 4
"/Users/jeremy/Code/Sooh/sooh-admin/dist/assets/transactions-image-02-1a0b6e38.svg", "XML", 0, 4, 0, 0, 0, 0, 0, 0, 0, 0, 0, 0, 0, 0, 0, 0, 4
"/Users/jeremy/Code/Sooh/sooh-admin/dist/assets/transactions-image-03-acdb3a2f.svg", "XML", 0, 4, 0, 0, 0, 0, 0, 0, 0, 0, 0, 0, 0, 0, 0, 0, 4
"/Users/jeremy/Code/Sooh/sooh-admin/dist/assets/transactions-image-04-7aa19349.svg", "XML", 0, 4, 0, 0, 0, 0, 0, 0, 0, 0, 0, 0, 0, 0, 0, 0, 4
"/Users/jeremy/Code/Sooh/sooh-admin/dist/assets/transactions-image-05-5f778083.svg", "XML", 0, 4, 0, 0, 0, 0, 0, 0, 0, 0, 0, 0, 0, 0, 0, 0, 4
"/Users/jeremy/Code/Sooh/sooh-admin/dist/assets/transactions-image-06-3a648eaa.svg", "XML", 0, 4, 0, 0, 0, 0, 0, 0, 0, 0, 0, 0, 0, 0, 0, 0, 4
"/Users/jeremy/Code/Sooh/sooh-admin/dist/assets/transactions-image-07-3914082d.svg", "XML", 0, 4, 0, 0, 0, 0, 0, 0, 0, 0, 0, 0, 0, 0, 0, 0, 4
"/Users/jeremy/Code/Sooh/sooh-admin/dist/assets/transactions-image-08-190f3792.svg", "XML", 0, 4, 0, 0, 0, 0, 0, 0, 0, 0, 0, 0, 0, 0, 0, 0, 4
"/Users/jeremy/Code/Sooh/sooh-admin/dist/index.html", "HTML", 0, 0, 0, 0, 0, 0, 22, 0, 0, 0, 0, 0, 0, 0, 0, 2, 24
"/Users/jeremy/Code/Sooh/sooh-admin/firebase.json", "JSON", 0, 0, 0, 7, 0, 0, 0, 0, 0, 0, 0, 0, 0, 0, 25, 0, 32
"/Users/jeremy/Code/Sooh/sooh-admin/functions/.eslintrc.js", "JavaScript", 20, 0, 0, 0, 0, 0, 0, 0, 0, 0, 0, 0, 0, 0, 9, 0, 29
"/Users/jeremy/Code/Sooh/sooh-admin/functions/index.js", "JavaScript", 71, 0, 0, 0, 0, 0, 0, 0, 0, 0, 0, 0, 0, 0, 17, 22, 110
"/Users/jeremy/Code/Sooh/sooh-admin/functions/package-lock.json", "JSON", 0, 0, 0, 7017, 0, 0, 0, 0, 0, 0, 0, 0, 0, 0, 0, 1, 7018
"/Users/jeremy/Code/Sooh/sooh-admin/functions/package.json", "JSON", 0, 0, 0, 28, 0, 0, 0, 0, 0, 0, 0, 0, 0, 0, 0, 1, 29
"/Users/jeremy/Code/Sooh/sooh-admin/index.html", "HTML", 0, 0, 0, 0, 0, 0, 21, 0, 0, 0, 0, 0, 0, 0, 0, 1, 22
"/Users/jeremy/Code/Sooh/sooh-admin/ios/App/App/AppDelegate.swift", "Swift", 0, 0, 0, 0, 0, 0, 0, 0, 0, 0, 0, 0, 0, 25, 13, 12, 50
"/Users/jeremy/Code/Sooh/sooh-admin/ios/App/App/Assets.xcassets/AppIcon.appiconset/Contents.json", "JSON", 0, 0, 0, 14, 0, 0, 0, 0, 0, 0, 0, 0, 0, 0, 0, 1, 15
"/Users/jeremy/Code/Sooh/sooh-admin/ios/App/App/Assets.xcassets/Contents.json", "JSON", 0, 0, 0, 6, 0, 0, 0, 0, 0, 0, 0, 0, 0, 0, 0, 0, 6
"/Users/jeremy/Code/Sooh/sooh-admin/ios/App/App/Assets.xcassets/Splash.imageset/Contents.json", "JSON", 0, 0, 0, 23, 0, 0, 0, 0, 0, 0, 0, 0, 0, 0, 0, 0, 23
"/Users/jeremy/Code/Sooh/sooh-admin/ios/App/App/Base.lproj/LaunchScreen.storyboard", "XML", 0, 31, 0, 0, 0, 0, 0, 0, 0, 0, 0, 0, 0, 0, 1, 1, 33
"/Users/jeremy/Code/Sooh/sooh-admin/ios/App/App/Base.lproj/Main.storyboard", "XML", 0, 18, 0, 0, 0, 0, 0, 0, 0, 0, 0, 0, 0, 0, 1, 1, 20
"/Users/jeremy/Code/Sooh/sooh-admin/package-lock.json", "JSON", 0, 0, 0, 6709, 0, 0, 0, 0, 0, 0, 0, 0, 0, 0, 0, 1, 6710
"/Users/jeremy/Code/Sooh/sooh-admin/package.json", "JSON", 0, 0, 0, 44, 0, 0, 0, 0, 0, 0, 0, 0, 0, 0, 0, 1, 45
"/Users/jeremy/Code/Sooh/sooh-admin/postcss.config.js", "JavaScript", 6, 0, 0, 0, 0, 0, 0, 0, 0, 0, 0, 0, 0, 0, 0, 1, 7
"/Users/jeremy/Code/Sooh/sooh-admin/public/index.html", "HTML", 0, 0, 0, 0, 0, 0, 79, 0, 0, 0, 0, 0, 0, 0, 6, 5, 90
"/Users/jeremy/Code/Sooh/sooh-admin/src/App.jsx", "JavaScript", 169, 0, 0, 0, 0, 0, 0, 0, 0, 0, 0, 0, 0, 0, 1, 11, 181
"/Users/jeremy/Code/Sooh/sooh-admin/src/charts/BarChart01.jsx", "JavaScript", 148, 0, 0, 0, 0, 0, 0, 0, 0, 0, 0, 0, 0, 0, 8, 9, 165
"/Users/jeremy/Code/Sooh/sooh-admin/src/charts/BarChart02.jsx", "JavaScript", 90, 0, 0, 0, 0, 0, 0, 0, 0, 0, 0, 0, 0, 0, 3, 8, 101
"/Users/jeremy/Code/Sooh/sooh-admin/src/charts/BarChart03.jsx", "JavaScript", 142, 0, 0, 0, 0, 0, 0, 0, 0, 0, 0, 0, 0, 0, 8, 9, 159
"/Users/jeremy/Code/Sooh/sooh-admin/src/charts/BarChart04.jsx", "JavaScript", 135, 0, 0, 0, 0, 0, 0, 0, 0, 0, 0, 0, 0, 0, 8, 9, 152
"/Users/jeremy/Code/Sooh/sooh-admin/src/charts/BarChart05.jsx", "JavaScript", 143, 0, 0, 0, 0, 0, 0, 0, 0, 0, 0, 0, 0, 0, 8, 9, 160
"/Users/jeremy/Code/Sooh/sooh-admin/src/charts/BarChart06.jsx", "JavaScript", 148, 0, 0, 0, 0, 0, 0, 0, 0, 0, 0, 0, 0, 0, 9, 10, 167
"/Users/jeremy/Code/Sooh/sooh-admin/src/charts/ChartjsConfig.jsx", "JavaScript", 33, 0, 0, 0, 0, 0, 0, 0, 0, 0, 0, 0, 0, 0, 6, 3, 42
"/Users/jeremy/Code/Sooh/sooh-admin/src/charts/DoughnutChart.jsx", "JavaScript", 98, 0, 0, 0, 0, 0, 0, 0, 0, 0, 0, 0, 0, 0, 8, 8, 114
"/Users/jeremy/Code/Sooh/sooh-admin/src/charts/LineChart01.jsx", "JavaScript", 65, 0, 0, 0, 0, 0, 0, 0, 0, 0, 0, 0, 0, 0, 3, 8, 76
"/Users/jeremy/Code/Sooh/sooh-admin/src/charts/LineChart02.jsx", "JavaScript", 143, 0, 0, 0, 0, 0, 0, 0, 0, 0, 0, 0, 0, 0, 8, 8, 159
"/Users/jeremy/Code/Sooh/sooh-admin/src/charts/LineChart03.jsx", "JavaScript", 79, 0, 0, 0, 0, 0, 0, 0, 0, 0, 0, 0, 0, 0, 3, 8, 90
"/Users/jeremy/Code/Sooh/sooh-admin/src/charts/LineChart04.jsx", "JavaScript", 67, 0, 0, 0, 0, 0, 0, 0, 0, 0, 0, 0, 0, 0, 3, 8, 78
"/Users/jeremy/Code/Sooh/sooh-admin/src/charts/LineChart05.jsx", "JavaScript", 143, 0, 0, 0, 0, 0, 0, 0, 0, 0, 0, 0, 0, 0, 8, 8, 159
"/Users/jeremy/Code/Sooh/sooh-admin/src/charts/LineChart06.jsx", "JavaScript", 85, 0, 0, 0, 0, 0, 0, 0, 0, 0, 0, 0, 0, 0, 3, 8, 96
"/Users/jeremy/Code/Sooh/sooh-admin/src/charts/LineChart07.jsx", "JavaScript", 77, 0, 0, 0, 0, 0, 0, 0, 0, 0, 0, 0, 0, 0, 3, 8, 88
"/Users/jeremy/Code/Sooh/sooh-admin/src/charts/LineChart08.jsx", "JavaScript", 75, 0, 0, 0, 0, 0, 0, 0, 0, 0, 0, 0, 0, 0, 3, 8, 86
"/Users/jeremy/Code/Sooh/sooh-admin/src/charts/LineChart09.jsx", "JavaScript", 58, 0, 0, 0, 0, 0, 0, 0, 0, 0, 0, 0, 0, 0, 3, 8, 69
"/Users/jeremy/Code/Sooh/sooh-admin/src/charts/PieChart.jsx", "JavaScript", 101, 0, 0, 0, 0, 0, 0, 0, 0, 0, 0, 0, 0, 0, 8, 8, 117
"/Users/jeremy/Code/Sooh/sooh-admin/src/charts/PolarChart.jsx", "JavaScript", 97, 0, 0, 0, 0, 0, 0, 0, 0, 0, 0, 0, 0, 0, 8, 8, 113
"/Users/jeremy/Code/Sooh/sooh-admin/src/charts/RealtimeChart.jsx", "JavaScript", 109, 0, 0, 0, 0, 0, 0, 0, 0, 0, 0, 0, 0, 0, 4, 9, 122
"/Users/jeremy/Code/Sooh/sooh-admin/src/components/AccordionBasic.jsx", "JavaScript", 22, 0, 0, 0, 0, 0, 0, 0, 0, 0, 0, 0, 0, 0, 0, 5, 27
"/Users/jeremy/Code/Sooh/sooh-admin/src/components/AccordionTableItem.jsx", "JavaScript", 66, 0, 0, 0, 0, 0, 0, 0, 0, 0, 0, 0, 0, 0, 3, 5, 74
"/Users/jeremy/Code/Sooh/sooh-admin/src/components/AccordionTableRichItem.jsx", "JavaScript", 59, 0, 0, 0, 0, 0, 0, 0, 0, 0, 0, 0, 0, 0, 3, 5, 67
"/Users/jeremy/Code/Sooh/sooh-admin/src/components/Banner.jsx", "JavaScript", 74, 0, 0, 0, 0, 0, 0, 0, 0, 0, 0, 0, 0, 0, 0, 6, 80
"/Users/jeremy/Code/Sooh/sooh-admin/src/components/Banner2.jsx", "JavaScript", 74, 0, 0, 0, 0, 0, 0, 0, 0, 0, 0, 0, 0, 0, 0, 6, 80
"/Users/jeremy/Code/Sooh/sooh-admin/src/components/DateSelect.jsx", "JavaScript", 106, 0, 0, 0, 0, 0, 0, 0, 0, 0, 0, 0, 0, 0, 2, 9, 117
"/Users/jeremy/Code/Sooh/sooh-admin/src/components/Datepicker.jsx", "JavaScript", 28, 0, 0, 0, 0, 0, 0, 0, 0, 0, 0, 0, 0, 0, 3, 4, 35
"/Users/jeremy/Code/Sooh/sooh-admin/src/components/DropdownClassic.jsx", "JavaScript", 103, 0, 0, 0, 0, 0, 0, 0, 0, 0, 0, 0, 0, 0, 2, 9, 114
"/Users/jeremy/Code/Sooh/sooh-admin/src/components/DropdownEditMenu.jsx", "JavaScript", 66, 0, 0, 0, 0, 0, 0, 0, 0, 0, 0, 0, 0, 0, 2, 7, 75
"/Users/jeremy/Code/Sooh/sooh-admin/src/components/DropdownFilter.jsx", "JavaScript", 106, 0, 0, 0, 0, 0, 0, 0, 0, 0, 0, 0, 0, 0, 2, 8, 116
"/Users/jeremy/Code/Sooh/sooh-admin/src/components/DropdownFull.jsx", "JavaScript", 99, 0, 0, 0, 0, 0, 0, 0, 0, 0, 0, 0, 0, 0, 2, 9, 110
"/Users/jeremy/Code/Sooh/sooh-admin/src/components/DropdownHelp.jsx", "JavaScript", 101, 0, 0, 0, 0, 0, 0, 0, 0, 0, 0, 0, 0, 0, 2, 8, 111
"/Users/jeremy/Code/Sooh/sooh-admin/src/components/DropdownNotifications.jsx", "JavaScript", 96, 0, 0, 0, 0, 0, 0, 0, 0, 0, 0, 0, 0, 0, 2, 8, 106
"/Users/jeremy/Code/Sooh/sooh-admin/src/components/DropdownProfile.jsx", "JavaScript", 93, 0, 0, 0, 0, 0, 0, 0, 0, 0, 0, 0, 0, 0, 2, 11, 106
"/Users/jeremy/Code/Sooh/sooh-admin/src/components/DropdownSort.jsx", "JavaScript", 80, 0, 0, 0, 0, 0, 0, 0, 0, 0, 0, 0, 0, 0, 2, 8, 90
"/Users/jeremy/Code/Sooh/sooh-admin/src/components/DropdownSwitch.jsx", "JavaScript", 100, 0, 0, 0, 0, 0, 0, 0, 0, 0, 0, 0, 0, 0, 2, 8, 110
"/Users/jeremy/Code/Sooh/sooh-admin/src/components/DropdownTransaction.jsx", "JavaScript", 80, 0, 0, 0, 0, 0, 0, 0, 0, 0, 0, 0, 0, 0, 2, 8, 90
"/Users/jeremy/Code/Sooh/sooh-admin/src/components/ModalAction.jsx", "JavaScript", 72, 0, 0, 0, 0, 0, 0, 0, 0, 0, 0, 0, 0, 0, 2, 7, 81
"/Users/jeremy/Code/Sooh/sooh-admin/src/components/ModalBasic.jsx", "JavaScript", 74, 0, 0, 0, 0, 0, 0, 0, 0, 0, 0, 0, 0, 0, 2, 7, 83
"/Users/jeremy/Code/Sooh/sooh-admin/src/components/ModalBlank.jsx", "JavaScript", 61, 0, 0, 0, 0, 0, 0, 0, 0, 0, 0, 0, 0, 0, 2, 7, 70
"/Users/jeremy/Code/Sooh/sooh-admin/src/components/ModalCookies.jsx", "JavaScript", 76, 0, 0, 0, 0, 0, 0, 0, 0, 0, 0, 0, 0, 0, 2, 7, 85
"/Users/jeremy/Code/Sooh/sooh-admin/src/components/ModalSearch.jsx", "JavaScript", 188, 0, 0, 0, 0, 0, 0, 0, 0, 0, 0, 0, 0, 0, 2, 8, 198
"/Users/jeremy/Code/Sooh/sooh-admin/src/components/MultiSelectDropdown.jsx", "JavaScript", 77, 0, 0, 0, 0, 0, 0, 0, 0, 0, 0, 0, 0, 0, 0, 19, 96
"/Users/jeremy/Code/Sooh/sooh-admin/src/components/Notification.jsx", "JavaScript", 65, 0, 0, 0, 0, 0, 0, 0, 0, 0, 0, 0, 0, 0, 0, 5, 70
"/Users/jeremy/Code/Sooh/sooh-admin/src/components/PaginationClassic.jsx", "JavaScript", 21, 0, 0, 0, 0, 0, 0, 0, 0, 0, 0, 0, 0, 0, 0, 3, 24
"/Users/jeremy/Code/Sooh/sooh-admin/src/components/PaginationNumeric.jsx", "JavaScript", 43, 0, 0, 0, 0, 0, 0, 0, 0, 0, 0, 0, 0, 0, 0, 3, 46
"/Users/jeremy/Code/Sooh/sooh-admin/src/components/PaginationNumeric2.jsx", "JavaScript", 35, 0, 0, 0, 0, 0, 0, 0, 0, 0, 0, 0, 0, 0, 0, 3, 38
"/Users/jeremy/Code/Sooh/sooh-admin/src/components/Timer.jsx", "JavaScript", 22, 0, 0, 0, 0, 0, 0, 0, 0, 0, 0, 0, 0, 0, 0, 6, 28
"/Users/jeremy/Code/Sooh/sooh-admin/src/components/Toast.jsx", "JavaScript", 74, 0, 0, 0, 0, 0, 0, 0, 0, 0, 0, 0, 0, 0, 0, 6, 80
"/Users/jeremy/Code/Sooh/sooh-admin/src/components/Toast2.jsx", "JavaScript", 74, 0, 0, 0, 0, 0, 0, 0, 0, 0, 0, 0, 0, 0, 0, 6, 80
"/Users/jeremy/Code/Sooh/sooh-admin/src/components/Toast3.jsx", "JavaScript", 62, 0, 0, 0, 0, 0, 0, 0, 0, 0, 0, 0, 0, 0, 0, 5, 67
"/Users/jeremy/Code/Sooh/sooh-admin/src/components/Tooltip.jsx", "JavaScript", 83, 0, 0, 0, 0, 0, 0, 0, 0, 0, 0, 0, 0, 0, 0, 7, 90
"/Users/jeremy/Code/Sooh/sooh-admin/src/context/UserAuthContext.tsx", "TypeScript JSX", 0, 0, 0, 0, 0, 0, 0, 0, 0, 0, 42, 0, 0, 0, 0, 8, 50
"/Users/jeremy/Code/Sooh/sooh-admin/src/css/additional-styles/flatpickr.css", "CSS", 0, 0, 0, 0, 197, 0, 0, 0, 0, 0, 0, 0, 0, 0, 1, 33, 231
"/Users/jeremy/Code/Sooh/sooh-admin/src/css/additional-styles/range-slider.css", "CSS", 0, 0, 0, 0, 51, 0, 0, 0, 0, 0, 0, 0, 0, 0, 1, 5, 57
"/Users/jeremy/Code/Sooh/sooh-admin/src/css/additional-styles/theme.css", "CSS", 0, 0, 0, 0, 8, 0, 0, 0, 0, 0, 0, 0, 0, 0, 0, 1, 9
"/Users/jeremy/Code/Sooh/sooh-admin/src/css/additional-styles/toggle-switch.css", "CSS", 0, 0, 0, 0, 28, 0, 0, 0, 0, 0, 0, 0, 0, 0, 1, 6, 35
"/Users/jeremy/Code/Sooh/sooh-admin/src/css/additional-styles/utility-patterns.css", "CSS", 0, 0, 0, 0, 83, 0, 0, 0, 0, 0, 0, 0, 0, 0, 4, 19, 106
"/Users/jeremy/Code/Sooh/sooh-admin/src/css/style.css", "CSS", 0, 0, 0, 0, 9, 0, 0, 0, 0, 0, 0, 0, 0, 0, 1, 4, 14
"/Users/jeremy/Code/Sooh/sooh-admin/src/css/tailwind.config.js", "JavaScript", 71, 0, 0, 0, 0, 0, 0, 0, 0, 0, 0, 0, 0, 0, 2, 2, 75
"/Users/jeremy/Code/Sooh/sooh-admin/src/favicon.svg", "XML", 0, 15, 0, 0, 0, 0, 0, 0, 0, 0, 0, 0, 0, 0, 0, 1, 16
"/Users/jeremy/Code/Sooh/sooh-admin/src/images/404-illustration.svg", "XML", 0, 1, 0, 0, 0, 0, 0, 0, 0, 0, 0, 0, 0, 0, 0, 0, 1
"/Users/jeremy/Code/Sooh/sooh-admin/src/images/announcement-icon.svg", "XML", 0, 34, 0, 0, 0, 0, 0, 0, 0, 0, 0, 0, 0, 0, 0, 0, 34
"/Users/jeremy/Code/Sooh/sooh-admin/src/images/company-icon-01.svg", "XML", 0, 1, 0, 0, 0, 0, 0, 0, 0, 0, 0, 0, 0, 0, 0, 0, 1
"/Users/jeremy/Code/Sooh/sooh-admin/src/images/company-icon-02.svg", "XML", 0, 1, 0, 0, 0, 0, 0, 0, 0, 0, 0, 0, 0, 0, 0, 0, 1
"/Users/jeremy/Code/Sooh/sooh-admin/src/images/company-icon-03.svg", "XML", 0, 1, 0, 0, 0, 0, 0, 0, 0, 0, 0, 0, 0, 0, 0, 0, 1
"/Users/jeremy/Code/Sooh/sooh-admin/src/images/company-icon-04.svg", "XML", 0, 1, 0, 0, 0, 0, 0, 0, 0, 0, 0, 0, 0, 0, 0, 0, 1
"/Users/jeremy/Code/Sooh/sooh-admin/src/images/company-icon-05.svg", "XML", 0, 1, 0, 0, 0, 0, 0, 0, 0, 0, 0, 0, 0, 0, 0, 0, 1
"/Users/jeremy/Code/Sooh/sooh-admin/src/images/company-icon-06.svg", "XML", 0, 1, 0, 0, 0, 0, 0, 0, 0, 0, 0, 0, 0, 0, 0, 0, 1
"/Users/jeremy/Code/Sooh/sooh-admin/src/images/company-icon-07.svg", "XML", 0, 1, 0, 0, 0, 0, 0, 0, 0, 0, 0, 0, 0, 0, 0, 0, 1
"/Users/jeremy/Code/Sooh/sooh-admin/src/images/company-icon-08.svg", "XML", 0, 1, 0, 0, 0, 0, 0, 0, 0, 0, 0, 0, 0, 0, 0, 0, 1
"/Users/jeremy/Code/Sooh/sooh-admin/src/images/icon-01.svg", "XML", 0, 20, 0, 0, 0, 0, 0, 0, 0, 0, 0, 0, 0, 0, 0, 0, 20
"/Users/jeremy/Code/Sooh/sooh-admin/src/images/icon-02.svg", "XML", 0, 20, 0, 0, 0, 0, 0, 0, 0, 0, 0, 0, 0, 0, 0, 0, 20
"/Users/jeremy/Code/Sooh/sooh-admin/src/images/icon-03.svg", "XML", 0, 20, 0, 0, 0, 0, 0, 0, 0, 0, 0, 0, 0, 0, 0, 0, 20
"/Users/jeremy/Code/Sooh/sooh-admin/src/images/transactions-image-01.svg", "XML", 0, 4, 0, 0, 0, 0, 0, 0, 0, 0, 0, 0, 0, 0, 0, 0, 4
"/Users/jeremy/Code/Sooh/sooh-admin/src/images/transactions-image-02.svg", "XML", 0, 4, 0, 0, 0, 0, 0, 0, 0, 0, 0, 0, 0, 0, 0, 0, 4
"/Users/jeremy/Code/Sooh/sooh-admin/src/images/transactions-image-03.svg", "XML", 0, 4, 0, 0, 0, 0, 0, 0, 0, 0, 0, 0, 0, 0, 0, 0, 4
"/Users/jeremy/Code/Sooh/sooh-admin/src/images/transactions-image-04.svg", "XML", 0, 4, 0, 0, 0, 0, 0, 0, 0, 0, 0, 0, 0, 0, 0, 0, 4
"/Users/jeremy/Code/Sooh/sooh-admin/src/images/transactions-image-05.svg", "XML", 0, 4, 0, 0, 0, 0, 0, 0, 0, 0, 0, 0, 0, 0, 0, 0, 4
"/Users/jeremy/Code/Sooh/sooh-admin/src/images/transactions-image-06.svg", "XML", 0, 4, 0, 0, 0, 0, 0, 0, 0, 0, 0, 0, 0, 0, 0, 0, 4
"/Users/jeremy/Code/Sooh/sooh-admin/src/images/transactions-image-07.svg", "XML", 0, 4, 0, 0, 0, 0, 0, 0, 0, 0, 0, 0, 0, 0, 0, 0, 4
"/Users/jeremy/Code/Sooh/sooh-admin/src/images/transactions-image-08.svg", "XML", 0, 4, 0, 0, 0, 0, 0, 0, 0, 0, 0, 0, 0, 0, 0, 0, 4
"/Users/jeremy/Code/Sooh/sooh-admin/src/main.jsx", "JavaScript", 36, 0, 0, 0, 0, 0, 0, 0, 0, 0, 0, 0, 0, 0, 0, 6, 42
"/Users/jeremy/Code/Sooh/sooh-admin/src/pages/Analytics.jsx", "JavaScript", 71, 0, 0, 0, 0, 0, 0, 0, 0, 0, 0, 0, 0, 0, 0, 21, 92
"/Users/jeremy/Code/Sooh/sooh-admin/src/pages/Calendar.jsx", "JavaScript", 417, 0, 0, 0, 0, 0, 0, 0, 0, 0, 0, 0, 0, 0, 8, 36, 461
"/Users/jeremy/Code/Sooh/sooh-admin/src/pages/Campaigns.jsx", "JavaScript", 403, 0, 0, 0, 0, 0, 0, 0, 0, 0, 0, 0, 0, 0, 0, 20, 423
"/Users/jeremy/Code/Sooh/sooh-admin/src/pages/Dashboard.jsx", "JavaScript", 63, 0, 0, 0, 0, 0, 0, 0, 0, 0, 0, 0, 0, 0, 0, 16, 79
"/Users/jeremy/Code/Sooh/sooh-admin/src/pages/Fintech.jsx", "JavaScript", 87, 0, 0, 0, 0, 0, 0, 0, 0, 0, 0, 0, 0, 0, 0, 17, 104
"/Users/jeremy/Code/Sooh/sooh-admin/src/pages/Inbox.jsx", "JavaScript", 29, 0, 0, 0, 0, 0, 0, 0, 0, 0, 0, 0, 0, 0, 0, 14, 43
"/Users/jeremy/Code/Sooh/sooh-admin/src/pages/Messages.jsx", "JavaScript", 211, 0, 0, 0, 0, 0, 0, 0, 0, 0, 0, 0, 0, 0, 0, 25, 236
"/Users/jeremy/Code/Sooh/sooh-admin/src/pages/Onboarding01.jsx", "JavaScript", 172, 0, 0, 0, 0, 0, 0, 0, 0, 0, 0, 0, 0, 0, 0, 23, 195
"/Users/jeremy/Code/Sooh/sooh-admin/src/pages/Onboarding02.jsx", "JavaScript", 435, 0, 0, 0, 0, 0, 0, 0, 0, 0, 0, 0, 0, 0, 0, 19, 454
"/Users/jeremy/Code/Sooh/sooh-admin/src/pages/Onboarding03.jsx", "JavaScript", 116, 0, 0, 0, 0, 0, 0, 0, 0, 0, 0, 0, 0, 0, 0, 17, 133
"/Users/jeremy/Code/Sooh/sooh-admin/src/pages/Onboarding04.jsx", "JavaScript", 87, 0, 0, 0, 0, 0, 0, 0, 0, 0, 0, 0, 0, 0, 0, 17, 104
"/Users/jeremy/Code/Sooh/sooh-admin/src/pages/ResetPassword.jsx", "JavaScript", 61, 0, 0, 0, 0, 0, 0, 0, 0, 0, 0, 0, 0, 0, 0, 11, 72
"/Users/jeremy/Code/Sooh/sooh-admin/src/pages/Signin.jsx", "JavaScript", 155, 0, 0, 0, 0, 0, 0, 0, 0, 0, 0, 0, 0, 0, 0, 13, 168
"/Users/jeremy/Code/Sooh/sooh-admin/src/pages/Signup.jsx", "JavaScript", 184, 0, 0, 0, 0, 0, 0, 0, 0, 0, 0, 0, 0, 0, 5, 15, 204
"/Users/jeremy/Code/Sooh/sooh-admin/src/pages/community/CreateHappyHour.jsx", "JavaScript", 496, 0, 0, 0, 0, 0, 0, 0, 0, 0, 0, 0, 0, 0, 0, 37, 533
"/Users/jeremy/Code/Sooh/sooh-admin/src/pages/community/Feed.jsx", "JavaScript", 316, 0, 0, 0, 0, 0, 0, 0, 0, 0, 0, 0, 0, 0, 1, 29, 346
"/Users/jeremy/Code/Sooh/sooh-admin/src/pages/community/Forum.jsx", "JavaScript", 65, 0, 0, 0, 0, 0, 0, 0, 0, 0, 0, 0, 0, 0, 0, 21, 86
"/Users/jeremy/Code/Sooh/sooh-admin/src/pages/community/ForumPost.jsx", "JavaScript", 41, 0, 0, 0, 0, 0, 0, 0, 0, 0, 0, 0, 0, 0, 0, 18, 59
"/Users/jeremy/Code/Sooh/sooh-admin/src/pages/community/Meetups.jsx", "JavaScript", 219, 0, 0, 0, 0, 0, 0, 0, 0, 0, 0, 0, 0, 0, 0, 27, 246
"/Users/jeremy/Code/Sooh/sooh-admin/src/pages/community/MeetupsPost.jsx", "JavaScript", 332, 0, 0, 0, 0, 0, 0, 0, 0, 0, 0, 0, 0, 0, 1, 40, 373
"/Users/jeremy/Code/Sooh/sooh-admin/src/pages/community/Profile.jsx", "JavaScript", 275, 0, 0, 0, 0, 0, 0, 0, 0, 0, 0, 0, 0, 0, 0, 31, 306
"/Users/jeremy/Code/Sooh/sooh-admin/src/pages/community/UsersTabs.jsx", "JavaScript", 225, 0, 0, 0, 0, 0, 0, 0, 0, 0, 0, 0, 0, 0, 5, 20, 250
"/Users/jeremy/Code/Sooh/sooh-admin/src/pages/community/UsersTiles.jsx", "JavaScript", 176, 0, 0, 0, 0, 0, 0, 0, 0, 0, 0, 0, 0, 0, 0, 20, 196
"/Users/jeremy/Code/Sooh/sooh-admin/src/pages/component/AccordionPage.jsx", "JavaScript", 128, 0, 0, 0, 0, 0, 0, 0, 0, 0, 0, 0, 0, 0, 0, 23, 151
"/Users/jeremy/Code/Sooh/sooh-admin/src/pages/component/AlertPage.jsx", "JavaScript", 173, 0, 0, 0, 0, 0, 0, 0, 0, 0, 0, 0, 0, 0, 0, 53, 226
"/Users/jeremy/Code/Sooh/sooh-admin/src/pages/component/AvatarPage.jsx", "JavaScript", 206, 0, 0, 0, 0, 0, 0, 0, 0, 0, 0, 0, 0, 0, 0, 22, 228
"/Users/jeremy/Code/Sooh/sooh-admin/src/pages/component/BadgePage.jsx", "JavaScript", 165, 0, 0, 0, 0, 0, 0, 0, 0, 0, 0, 0, 0, 0, 0, 21, 186
"/Users/jeremy/Code/Sooh/sooh-admin/src/pages/component/BreadcrumbPage.jsx", "JavaScript", 100, 0, 0, 0, 0, 0, 0, 0, 0, 0, 0, 0, 0, 0, 0, 20, 120
"/Users/jeremy/Code/Sooh/sooh-admin/src/pages/component/ButtonPage.jsx", "JavaScript", 212, 0, 0, 0, 0, 0, 0, 0, 0, 0, 0, 0, 0, 0, 0, 23, 235
"/Users/jeremy/Code/Sooh/sooh-admin/src/pages/component/DropdownPage.jsx", "JavaScript", 97, 0, 0, 0, 0, 0, 0, 0, 0, 0, 0, 0, 0, 0, 0, 26, 123
"/Users/jeremy/Code/Sooh/sooh-admin/src/pages/component/FormPage.jsx", "JavaScript", 372, 0, 0, 0, 0, 0, 0, 0, 0, 0, 0, 0, 0, 0, 0, 33, 405
"/Users/jeremy/Code/Sooh/sooh-admin/src/pages/component/IconsPage.jsx", "JavaScript", 59, 0, 0, 0, 0, 0, 0, 0, 0, 0, 0, 0, 0, 0, 0, 20, 79
"/Users/jeremy/Code/Sooh/sooh-admin/src/pages/component/ModalPage.jsx", "JavaScript", 536, 0, 0, 0, 0, 0, 0, 0, 0, 0, 0, 0, 0, 0, 0, 39, 575
"/Users/jeremy/Code/Sooh/sooh-admin/src/pages/component/PaginationPage.jsx", "JavaScript", 55, 0, 0, 0, 0, 0, 0, 0, 0, 0, 0, 0, 0, 0, 0, 20, 75
"/Users/jeremy/Code/Sooh/sooh-admin/src/pages/component/TabsPage.jsx", "JavaScript", 155, 0, 0, 0, 0, 0, 0, 0, 0, 0, 0, 0, 0, 0, 0, 21, 176
"/Users/jeremy/Code/Sooh/sooh-admin/src/pages/component/TooltipPage.jsx", "JavaScript", 170, 0, 0, 0, 0, 0, 0, 0, 0, 0, 0, 0, 0, 0, 0, 33, 203
"/Users/jeremy/Code/Sooh/sooh-admin/src/pages/ecommerce/Cart.jsx", "JavaScript", 82, 0, 0, 0, 0, 0, 0, 0, 0, 0, 0, 0, 0, 0, 0, 18, 100
"/Users/jeremy/Code/Sooh/sooh-admin/src/pages/ecommerce/Cart2.jsx", "JavaScript", 124, 0, 0, 0, 0, 0, 0, 0, 0, 0, 0, 0, 0, 0, 0, 21, 145
"/Users/jeremy/Code/Sooh/sooh-admin/src/pages/ecommerce/Cart3.jsx", "JavaScript", 261, 0, 0, 0, 0, 0, 0, 0, 0, 0, 0, 0, 0, 0, 0, 21, 282
"/Users/jeremy/Code/Sooh/sooh-admin/src/pages/ecommerce/Customers.jsx", "JavaScript", 60, 0, 0, 0, 0, 0, 0, 0, 0, 0, 0, 0, 0, 0, 0, 24, 84
"/Users/jeremy/Code/Sooh/sooh-admin/src/pages/ecommerce/Invoices.jsx", "JavaScript", 86, 0, 0, 0, 0, 0, 0, 0, 0, 0, 0, 0, 0, 0, 0, 23, 109
"/Users/jeremy/Code/Sooh/sooh-admin/src/pages/ecommerce/Orders.jsx", "JavaScript", 60, 0, 0, 0, 0, 0, 0, 0, 0, 0, 0, 0, 0, 0, 0, 19, 79
"/Users/jeremy/Code/Sooh/sooh-admin/src/pages/ecommerce/Pay.jsx", "JavaScript", 134, 0, 0, 0, 0, 0, 0, 0, 0, 0, 0, 0, 0, 0, 0, 16, 150
"/Users/jeremy/Code/Sooh/sooh-admin/src/pages/ecommerce/Product.jsx", "JavaScript", 551, 0, 0, 0, 0, 0, 0, 0, 0, 0, 0, 0, 0, 0, 0, 26, 577
"/Users/jeremy/Code/Sooh/sooh-admin/src/pages/ecommerce/Shop.jsx", "JavaScript", 111, 0, 0, 0, 0, 0, 0, 0, 0, 0, 0, 0, 0, 0, 0, 25, 136
"/Users/jeremy/Code/Sooh/sooh-admin/src/pages/ecommerce/Shop2.jsx", "JavaScript", 69, 0, 0, 0, 0, 0, 0, 0, 0, 0, 0, 0, 0, 0, 0, 24, 93
"/Users/jeremy/Code/Sooh/sooh-admin/src/pages/finance/CreditCards.jsx", "JavaScript", 407, 0, 0, 0, 0, 0, 0, 0, 0, 0, 0, 0, 0, 0, 0, 30, 437
"/Users/jeremy/Code/Sooh/sooh-admin/src/pages/finance/TransactionDetails.jsx", "JavaScript", 90, 0, 0, 0, 0, 0, 0, 0, 0, 0, 0, 0, 0, 0, 0, 17, 107
"/Users/jeremy/Code/Sooh/sooh-admin/src/pages/finance/Transactions.jsx", "JavaScript", 85, 0, 0, 0, 0, 0, 0, 0, 0, 0, 0, 0, 0, 0, 0, 27, 112
"/Users/jeremy/Code/Sooh/sooh-admin/src/pages/job/CompanyProfile.jsx", "JavaScript", 222, 0, 0, 0, 0, 0, 0, 0, 0, 0, 0, 0, 0, 0, 3, 16, 241
"/Users/jeremy/Code/Sooh/sooh-admin/src/pages/job/JobListing.jsx", "JavaScript", 211, 0, 0, 0, 0, 0, 0, 0, 0, 0, 0, 0, 0, 0, 0, 27, 238
"/Users/jeremy/Code/Sooh/sooh-admin/src/pages/job/JobPost.jsx", "JavaScript", 252, 0, 0, 0, 0, 0, 0, 0, 0, 0, 0, 0, 0, 0, 0, 27, 279
"/Users/jeremy/Code/Sooh/sooh-admin/src/pages/settings/Account.jsx", "JavaScript", 41, 0, 0, 0, 0, 0, 0, 0, 0, 0, 0, 0, 0, 0, 0, 15, 56
"/Users/jeremy/Code/Sooh/sooh-admin/src/pages/settings/Apps.jsx", "JavaScript", 36, 0, 0, 0, 0, 0, 0, 0, 0, 0, 0, 0, 0, 0, 0, 14, 50
"/Users/jeremy/Code/Sooh/sooh-admin/src/pages/settings/Billing.jsx", "JavaScript", 36, 0, 0, 0, 0, 0, 0, 0, 0, 0, 0, 0, 0, 0, 0, 14, 50
"/Users/jeremy/Code/Sooh/sooh-admin/src/pages/settings/Feedback.jsx", "JavaScript", 31, 0, 0, 0, 0, 0, 0, 0, 0, 0, 0, 0, 0, 0, 0, 13, 44
"/Users/jeremy/Code/Sooh/sooh-admin/src/pages/settings/Notifications.jsx", "JavaScript", 31, 0, 0, 0, 0, 0, 0, 0, 0, 0, 0, 0, 0, 0, 0, 13, 44
"/Users/jeremy/Code/Sooh/sooh-admin/src/pages/settings/Plans.jsx", "JavaScript", 36, 0, 0, 0, 0, 0, 0, 0, 0, 0, 0, 0, 0, 0, 0, 14, 50
"/Users/jeremy/Code/Sooh/sooh-admin/src/pages/tasks/TasksKanban.jsx", "JavaScript", 91, 0, 0, 0, 0, 0, 0, 0, 0, 0, 0, 0, 0, 0, 0, 19, 110
"/Users/jeremy/Code/Sooh/sooh-admin/src/pages/tasks/TasksList.jsx", "JavaScript", 468, 0, 0, 0, 0, 0, 0, 0, 0, 0, 0, 0, 0, 0, 0, 36, 504
"/Users/jeremy/Code/Sooh/sooh-admin/src/pages/utility/Changelog.jsx", "JavaScript", 204, 0, 0, 0, 0, 0, 0, 0, 0, 0, 0, 0, 0, 0, 0, 24, 228
"/Users/jeremy/Code/Sooh/sooh-admin/src/pages/utility/EmptyState.jsx", "JavaScript", 60, 0, 0, 0, 0, 0, 0, 0, 0, 0, 0, 0, 0, 0, 0, 21, 81
"/Users/jeremy/Code/Sooh/sooh-admin/src/pages/utility/Faqs.jsx", "JavaScript", 209, 0, 0, 0, 0, 0, 0, 0, 0, 0, 0, 0, 0, 0, 0, 19, 228
"/Users/jeremy/Code/Sooh/sooh-admin/src/pages/utility/KnowledgeBase.jsx", "JavaScript", 520, 0, 0, 0, 0, 0, 0, 0, 0, 0, 0, 0, 0, 0, 0, 30, 550
"/Users/jeremy/Code/Sooh/sooh-admin/src/pages/utility/PageNotFound.jsx", "JavaScript", 33, 0, 0, 0, 0, 0, 0, 0, 0, 0, 0, 0, 0, 0, 0, 16, 49
"/Users/jeremy/Code/Sooh/sooh-admin/src/pages/utility/Roadmap.jsx", "JavaScript", 337, 0, 0, 0, 0, 0, 0, 0, 0, 0, 0, 0, 0, 0, 0, 26, 363
"/Users/jeremy/Code/Sooh/sooh-admin/src/partials/Header.jsx", "JavaScript", 38, 0, 0, 0, 0, 0, 0, 0, 0, 0, 0, 0, 0, 0, 0, 4, 42
"/Users/jeremy/Code/Sooh/sooh-admin/src/partials/Sidebar.jsx", "JavaScript", 346, 0, 0, 0, 0, 0, 0, 0, 0, 0, 0, 0, 0, 0, 3, 15, 364
"/Users/jeremy/Code/Sooh/sooh-admin/src/partials/SidebarLinkGroup.jsx", "JavaScript", 16, 0, 0, 0, 0, 0, 0, 0, 0, 0, 0, 0, 0, 0, 0, 5, 21
"/Users/jeremy/Code/Sooh/sooh-admin/src/partials/Tabbar.jsx", "JavaScript", 82, 0, 0, 0, 0, 0, 0, 0, 0, 0, 0, 0, 0, 0, 0, 10, 92
"/Users/jeremy/Code/Sooh/sooh-admin/src/partials/actions/DeleteButton.jsx", "JavaScript", 14, 0, 0, 0, 0, 0, 0, 0, 0, 0, 0, 0, 0, 0, 0, 2, 16
"/Users/jeremy/Code/Sooh/sooh-admin/src/partials/actions/SearchForm.jsx", "JavaScript", 21, 0, 0, 0, 0, 0, 0, 0, 0, 0, 0, 0, 0, 0, 0, 3, 24
"/Users/jeremy/Code/Sooh/sooh-admin/src/partials/analytics/AnalyticsCard01.jsx", "JavaScript", 115, 0, 0, 0, 0, 0, 0, 0, 0, 0, 0, 0, 0, 0, 3, 6, 124
"/Users/jeremy/Code/Sooh/sooh-admin/src/partials/analytics/AnalyticsCard02.jsx", "JavaScript", 129, 0, 0, 0, 0, 0, 0, 0, 0, 0, 0, 0, 0, 0, 2, 9, 140
"/Users/jeremy/Code/Sooh/sooh-admin/src/partials/analytics/AnalyticsCard03.jsx", "JavaScript", 64, 0, 0, 0, 0, 0, 0, 0, 0, 0, 0, 0, 0, 0, 5, 6, 75
"/Users/jeremy/Code/Sooh/sooh-admin/src/partials/analytics/AnalyticsCard04.jsx", "JavaScript", 41, 0, 0, 0, 0, 0, 0, 0, 0, 0, 0, 0, 0, 0, 3, 6, 50
"/Users/jeremy/Code/Sooh/sooh-admin/src/partials/analytics/AnalyticsCard05.jsx", "JavaScript", 93, 0, 0, 0, 0, 0, 0, 0, 0, 0, 0, 0, 0, 0, 0, 4, 97
"/Users/jeremy/Code/Sooh/sooh-admin/src/partials/analytics/AnalyticsCard06.jsx", "JavaScript", 93, 0, 0, 0, 0, 0, 0, 0, 0, 0, 0, 0, 0, 0, 0, 4, 97
"/Users/jeremy/Code/Sooh/sooh-admin/src/partials/analytics/AnalyticsCard07.jsx", "JavaScript", 93, 0, 0, 0, 0, 0, 0, 0, 0, 0, 0, 0, 0, 0, 0, 4, 97
"/Users/jeremy/Code/Sooh/sooh-admin/src/partials/analytics/AnalyticsCard08.jsx", "JavaScript", 38, 0, 0, 0, 0, 0, 0, 0, 0, 0, 0, 0, 0, 0, 1, 6, 45
"/Users/jeremy/Code/Sooh/sooh-admin/src/partials/analytics/AnalyticsCard09.jsx", "JavaScript", 40, 0, 0, 0, 0, 0, 0, 0, 0, 0, 0, 0, 0, 0, 1, 6, 47
"/Users/jeremy/Code/Sooh/sooh-admin/src/partials/analytics/AnalyticsCard10.jsx", "JavaScript", 38, 0, 0, 0, 0, 0, 0, 0, 0, 0, 0, 0, 0, 0, 1, 6, 45
"/Users/jeremy/Code/Sooh/sooh-admin/src/partials/analytics/AnalyticsCard11.jsx", "JavaScript", 275, 0, 0, 0, 0, 0, 0, 0, 0, 0, 0, 0, 0, 0, 0, 6, 281
"/Users/jeremy/Code/Sooh/sooh-admin/src/partials/applications/ApplicationsCard01.jsx", "JavaScript", 101, 0, 0, 0, 0, 0, 0, 0, 0, 0, 0, 0, 0, 0, 0, 2, 103
"/Users/jeremy/Code/Sooh/sooh-admin/src/partials/applications/ApplicationsCard02.jsx", "JavaScript", 33, 0, 0, 0, 0, 0, 0, 0, 0, 0, 0, 0, 0, 0, 0, 2, 35
"/Users/jeremy/Code/Sooh/sooh-admin/src/partials/applications/ApplicationsCard03.jsx", "JavaScript", 62, 0, 0, 0, 0, 0, 0, 0, 0, 0, 0, 0, 0, 0, 0, 4, 66
"/Users/jeremy/Code/Sooh/sooh-admin/src/partials/campaigns/CampaignsCard.jsx", "JavaScript", 94, 0, 0, 0, 0, 0, 0, 0, 0, 0, 0, 0, 0, 0, 0, 6, 100
"/Users/jeremy/Code/Sooh/sooh-admin/src/partials/community/FeedLeftContent.jsx", "JavaScript", 44, 0, 0, 0, 0, 0, 0, 0, 0, 0, 0, 0, 0, 0, 19, 6, 69
"/Users/jeremy/Code/Sooh/sooh-admin/src/partials/community/FeedPost.jsx", "JavaScript", 281, 0, 0, 0, 0, 0, 0, 0, 0, 0, 0, 0, 0, 0, 26, 29, 336
"/Users/jeremy/Code/Sooh/sooh-admin/src/partials/community/FeedPosts.jsx", "JavaScript", 17, 0, 0, 0, 0, 0, 0, 0, 0, 0, 0, 0, 0, 0, 0, 4, 21
"/Users/jeremy/Code/Sooh/sooh-admin/src/partials/community/FeedRightContent.jsx", "JavaScript", 23, 0, 0, 0, 0, 0, 0, 0, 0, 0, 0, 0, 0, 0, 0, 6, 29
"/Users/jeremy/Code/Sooh/sooh-admin/src/partials/community/ForumEntries.jsx", "JavaScript", 415, 0, 0, 0, 0, 0, 0, 0, 0, 0, 0, 0, 0, 0, 0, 13, 428
"/Users/jeremy/Code/Sooh/sooh-admin/src/partials/community/ForumEntry.jsx", "JavaScript", 428, 0, 0, 0, 0, 0, 0, 0, 0, 0, 0, 0, 0, 0, 0, 4, 432
"/Users/jeremy/Code/Sooh/sooh-admin/src/partials/community/ForumLeftContent.jsx", "JavaScript", 93, 0, 0, 0, 0, 0, 0, 0, 0, 0, 0, 0, 0, 0, 0, 5, 98
"/Users/jeremy/Code/Sooh/sooh-admin/src/partials/community/ForumPostRightContent.jsx", "JavaScript", 115, 0, 0, 0, 0, 0, 0, 0, 0, 0, 0, 0, 0, 0, 0, 7, 122
"/Users/jeremy/Code/Sooh/sooh-admin/src/partials/community/ForumRightContent.jsx", "JavaScript", 280, 0, 0, 0, 0, 0, 0, 0, 0, 0, 0, 0, 0, 0, 0, 7, 287
"/Users/jeremy/Code/Sooh/sooh-admin/src/partials/community/MeetupsPosts.jsx", "JavaScript", 244, 0, 0, 0, 0, 0, 0, 0, 0, 0, 0, 0, 0, 0, 6, 30, 280
"/Users/jeremy/Code/Sooh/sooh-admin/src/partials/community/ProfileBody.jsx", "JavaScript", 351, 0, 0, 0, 0, 0, 0, 0, 0, 0, 0, 0, 0, 0, 63, 18, 432
"/Users/jeremy/Code/Sooh/sooh-admin/src/partials/community/ProfileSidebar.jsx", "JavaScript", 164, 0, 0, 0, 0, 0, 0, 0, 0, 0, 0, 0, 0, 0, 0, 4, 168
"/Users/jeremy/Code/Sooh/sooh-admin/src/partials/community/UsersTabsCard.jsx", "JavaScript", 54, 0, 0, 0, 0, 0, 0, 0, 0, 0, 0, 0, 0, 0, 0, 3, 57
"/Users/jeremy/Code/Sooh/sooh-admin/src/partials/community/UsersTilesCard.jsx", "JavaScript", 73, 0, 0, 0, 0, 0, 0, 0, 0, 0, 0, 0, 0, 0, 0, 3, 76
"/Users/jeremy/Code/Sooh/sooh-admin/src/partials/customers/CustomersTable.jsx", "JavaScript", 241, 0, 0, 0, 0, 0, 0, 0, 0, 0, 0, 0, 0, 0, 2, 13, 256
"/Users/jeremy/Code/Sooh/sooh-admin/src/partials/customers/CustomersTableItem.jsx", "JavaScript", 62, 0, 0, 0, 0, 0, 0, 0, 0, 0, 0, 0, 0, 0, 0, 3, 65
"/Users/jeremy/Code/Sooh/sooh-admin/src/partials/dashboard/DashboardAvatars.jsx", "JavaScript", 41, 0, 0, 0, 0, 0, 0, 0, 0, 0, 0, 0, 0, 0, 0, 3, 44
"/Users/jeremy/Code/Sooh/sooh-admin/src/partials/dashboard/DashboardCard01.jsx", "JavaScript", 89, 0, 0, 0, 0, 0, 0, 0, 0, 0, 0, 0, 0, 0, 3, 6, 98
"/Users/jeremy/Code/Sooh/sooh-admin/src/partials/dashboard/DashboardCard02.jsx", "JavaScript", 89, 0, 0, 0, 0, 0, 0, 0, 0, 0, 0, 0, 0, 0, 3, 6, 98
"/Users/jeremy/Code/Sooh/sooh-admin/src/partials/dashboard/DashboardCard03.jsx", "JavaScript", 89, 0, 0, 0, 0, 0, 0, 0, 0, 0, 0, 0, 0, 0, 3, 6, 98
"/Users/jeremy/Code/Sooh/sooh-admin/src/partials/dashboard/DashboardCard04.jsx", "JavaScript", 44, 0, 0, 0, 0, 0, 0, 0, 0, 0, 0, 0, 0, 0, 3, 6, 53
"/Users/jeremy/Code/Sooh/sooh-admin/src/partials/dashboard/DashboardCard05.jsx", "JavaScript", 75, 0, 0, 0, 0, 0, 0, 0, 0, 0, 0, 0, 0, 0, 12, 14, 101
"/Users/jeremy/Code/Sooh/sooh-admin/src/partials/dashboard/DashboardCard06.jsx", "JavaScript", 38, 0, 0, 0, 0, 0, 0, 0, 0, 0, 0, 0, 0, 0, 1, 6, 45
"/Users/jeremy/Code/Sooh/sooh-admin/src/partials/dashboard/DashboardCard07.jsx", "JavaScript", 161, 0, 0, 0, 0, 0, 0, 0, 0, 0, 0, 0, 0, 0, 0, 5, 166
"/Users/jeremy/Code/Sooh/sooh-admin/src/partials/dashboard/DashboardCard08.jsx", "JavaScript", 82, 0, 0, 0, 0, 0, 0, 0, 0, 0, 0, 0, 0, 0, 4, 6, 92
"/Users/jeremy/Code/Sooh/sooh-admin/src/partials/dashboard/DashboardCard09.jsx", "JavaScript", 56, 0, 0, 0, 0, 0, 0, 0, 0, 0, 0, 0, 0, 0, 3, 6, 65
"/Users/jeremy/Code/Sooh/sooh-admin/src/partials/dashboard/DashboardCard10.jsx", "JavaScript", 106, 0, 0, 0, 0, 0, 0, 0, 0, 0, 0, 0, 0, 0, 0, 5, 111
"/Users/jeremy/Code/Sooh/sooh-admin/src/partials/dashboard/DashboardCard11.jsx", "JavaScript", 116, 0, 0, 0, 0, 0, 0, 0, 0, 0, 0, 0, 0, 0, 0, 5, 121
"/Users/jeremy/Code/Sooh/sooh-admin/src/partials/dashboard/WelcomeBanner.jsx", "JavaScript", 54, 0, 0, 0, 0, 0, 0, 0, 0, 0, 0, 0, 0, 0, 0, 6, 60
"/Users/jeremy/Code/Sooh/sooh-admin/src/partials/ecommerce/CartItems.jsx", "JavaScript", 202, 0, 0, 0, 0, 0, 0, 0, 0, 0, 0, 0, 0, 0, 0, 4, 206
"/Users/jeremy/Code/Sooh/sooh-admin/src/partials/ecommerce/ShopCards01.jsx", "JavaScript", 384, 0, 0, 0, 0, 0, 0, 0, 0, 0, 0, 0, 0, 0, 0, 6, 390
"/Users/jeremy/Code/Sooh/sooh-admin/src/partials/ecommerce/ShopCards02.jsx", "JavaScript", 185, 0, 0, 0, 0, 0, 0, 0, 0, 0, 0, 0, 0, 0, 0, 6, 191
"/Users/jeremy/Code/Sooh/sooh-admin/src/partials/ecommerce/ShopCards03.jsx", "JavaScript", 200, 0, 0, 0, 0, 0, 0, 0, 0, 0, 0, 0, 0, 0, 0, 6, 206
"/Users/jeremy/Code/Sooh/sooh-admin/src/partials/ecommerce/ShopCards04.jsx", "JavaScript", 196, 0, 0, 0, 0, 0, 0, 0, 0, 0, 0, 0, 0, 0, 0, 6, 202
"/Users/jeremy/Code/Sooh/sooh-admin/src/partials/ecommerce/ShopCards05.jsx", "JavaScript", 80, 0, 0, 0, 0, 0, 0, 0, 0, 0, 0, 0, 0, 0, 0, 5, 85
"/Users/jeremy/Code/Sooh/sooh-admin/src/partials/ecommerce/ShopCards06.jsx", "JavaScript", 60, 0, 0, 0, 0, 0, 0, 0, 0, 0, 0, 0, 0, 0, 0, 6, 66
"/Users/jeremy/Code/Sooh/sooh-admin/src/partials/ecommerce/ShopCards07.jsx", "JavaScript", 957, 0, 0, 0, 0, 0, 0, 0, 0, 0, 0, 0, 0, 0, 0, 15, 972
"/Users/jeremy/Code/Sooh/sooh-admin/src/partials/ecommerce/ShopSidebar.jsx", "JavaScript", 179, 0, 0, 0, 0, 0, 0, 0, 0, 0, 0, 0, 0, 0, 0, 2, 181
"/Users/jeremy/Code/Sooh/sooh-admin/src/partials/finance/TransactionPanel.jsx", "JavaScript", 137, 0, 0, 0, 0, 0, 0, 0, 0, 0, 0, 0, 0, 0, 2, 8, 147
"/Users/jeremy/Code/Sooh/sooh-admin/src/partials/finance/TransactionsTable.jsx", "JavaScript", 176, 0, 0, 0, 0, 0, 0, 0, 0, 0, 0, 0, 0, 0, 2, 11, 189
"/Users/jeremy/Code/Sooh/sooh-admin/src/partials/finance/TransactionsTable02.jsx", "JavaScript", 178, 0, 0, 0, 0, 0, 0, 0, 0, 0, 0, 0, 0, 0, 2, 11, 191
"/Users/jeremy/Code/Sooh/sooh-admin/src/partials/finance/TransactionsTableItem.jsx", "JavaScript", 53, 0, 0, 0, 0, 0, 0, 0, 0, 0, 0, 0, 0, 0, 0, 6, 59
"/Users/jeremy/Code/Sooh/sooh-admin/src/partials/finance/TransactionsTableItem02.jsx", "JavaScript", 53, 0, 0, 0, 0, 0, 0, 0, 0, 0, 0, 0, 0, 0, 0, 6, 59
"/Users/jeremy/Code/Sooh/sooh-admin/src/partials/fintech/FintechCard01.jsx", "JavaScript", 92, 0, 0, 0, 0, 0, 0, 0, 0, 0, 0, 0, 0, 0, 4, 6, 102
"/Users/jeremy/Code/Sooh/sooh-admin/src/partials/fintech/FintechCard02.jsx", "JavaScript", 131, 0, 0, 0, 0, 0, 0, 0, 0, 0, 0, 0, 0, 0, 0, 3, 134
"/Users/jeremy/Code/Sooh/sooh-admin/src/partials/fintech/FintechCard03.jsx", "JavaScript", 40, 0, 0, 0, 0, 0, 0, 0, 0, 0, 0, 0, 0, 0, 3, 6, 49
"/Users/jeremy/Code/Sooh/sooh-admin/src/partials/fintech/FintechCard04.jsx", "JavaScript", 41, 0, 0, 0, 0, 0, 0, 0, 0, 0, 0, 0, 0, 0, 3, 6, 50
"/Users/jeremy/Code/Sooh/sooh-admin/src/partials/fintech/FintechCard05.jsx", "JavaScript", 153, 0, 0, 0, 0, 0, 0, 0, 0, 0, 0, 0, 0, 0, 0, 3, 156
"/Users/jeremy/Code/Sooh/sooh-admin/src/partials/fintech/FintechCard06.jsx", "JavaScript", 152, 0, 0, 0, 0, 0, 0, 0, 0, 0, 0, 0, 0, 0, 0, 4, 156
"/Users/jeremy/Code/Sooh/sooh-admin/src/partials/fintech/FintechCard07.jsx", "JavaScript", 70, 0, 0, 0, 0, 0, 0, 0, 0, 0, 0, 0, 0, 0, 3, 6, 79
"/Users/jeremy/Code/Sooh/sooh-admin/src/partials/fintech/FintechCard08.jsx", "JavaScript", 53, 0, 0, 0, 0, 0, 0, 0, 0, 0, 0, 0, 0, 0, 3, 6, 62
"/Users/jeremy/Code/Sooh/sooh-admin/src/partials/fintech/FintechCard09.jsx", "JavaScript", 42, 0, 0, 0, 0, 0, 0, 0, 0, 0, 0, 0, 0, 0, 1, 6, 49
"/Users/jeremy/Code/Sooh/sooh-admin/src/partials/fintech/FintechCard10.jsx", "JavaScript", 58, 0, 0, 0, 0, 0, 0, 0, 0, 0, 0, 0, 0, 0, 2, 6, 66
"/Users/jeremy/Code/Sooh/sooh-admin/src/partials/fintech/FintechCard11.jsx", "JavaScript", 58, 0, 0, 0, 0, 0, 0, 0, 0, 0, 0, 0, 0, 0, 2, 6, 66
"/Users/jeremy/Code/Sooh/sooh-admin/src/partials/fintech/FintechCard12.jsx", "JavaScript", 58, 0, 0, 0, 0, 0, 0, 0, 0, 0, 0, 0, 0, 0, 2, 6, 66
"/Users/jeremy/Code/Sooh/sooh-admin/src/partials/fintech/FintechCard13.jsx", "JavaScript", 58, 0, 0, 0, 0, 0, 0, 0, 0, 0, 0, 0, 0, 0, 2, 6, 66
"/Users/jeremy/Code/Sooh/sooh-admin/src/partials/fintech/FintechCard14.jsx", "JavaScript", 298, 0, 0, 0, 0, 0, 0, 0, 0, 0, 0, 0, 0, 0, 7, 9, 314
"/Users/jeremy/Code/Sooh/sooh-admin/src/partials/fintech/FintechIntro.jsx", "JavaScript", 62, 0, 0, 0, 0, 0, 0, 0, 0, 0, 0, 0, 0, 0, 0, 4, 66
"/Users/jeremy/Code/Sooh/sooh-admin/src/partials/inbox/InboxBody.jsx", "JavaScript", 168, 0, 0, 0, 0, 0, 0, 0, 0, 0, 0, 0, 0, 0, 0, 9, 177
"/Users/jeremy/Code/Sooh/sooh-admin/src/partials/inbox/InboxSidebar.jsx", "JavaScript", 164, 0, 0, 0, 0, 0, 0, 0, 0, 0, 0, 0, 0, 0, 0, 4, 168
"/Users/jeremy/Code/Sooh/sooh-admin/src/partials/inbox/Mail.jsx", "JavaScript", 43, 0, 0, 0, 0, 0, 0, 0, 0, 0, 0, 0, 0, 0, 0, 5, 48
"/Users/jeremy/Code/Sooh/sooh-admin/src/partials/invoices/InvoicesTable.jsx", "JavaScript", 206, 0, 0, 0, 0, 0, 0, 0, 0, 0, 0, 0, 0, 0, 2, 12, 220
"/Users/jeremy/Code/Sooh/sooh-admin/src/partials/invoices/InvoicesTableItem.jsx", "JavaScript", 103, 0, 0, 0, 0, 0, 0, 0, 0, 0, 0, 0, 0, 0, 0, 7, 110
"/Users/jeremy/Code/Sooh/sooh-admin/src/partials/job/JobListItem.jsx", "JavaScript", 44, 0, 0, 0, 0, 0, 0, 0, 0, 0, 0, 0, 0, 0, 0, 2, 46
"/Users/jeremy/Code/Sooh/sooh-admin/src/partials/job/JobSidebar.jsx", "JavaScript", 156, 0, 0, 0, 0, 0, 0, 0, 0, 0, 0, 0, 0, 0, 0, 4, 160
"/Users/jeremy/Code/Sooh/sooh-admin/src/partials/messages/ChannelMenu.jsx", "JavaScript", 98, 0, 0, 0, 0, 0, 0, 0, 0, 0, 0, 0, 0, 0, 2, 8, 108
"/Users/jeremy/Code/Sooh/sooh-admin/src/partials/messages/Channels.jsx", "JavaScript", 43, 0, 0, 0, 0, 0, 0, 0, 0, 0, 0, 0, 0, 0, 0, 2, 45
"/Users/jeremy/Code/Sooh/sooh-admin/src/partials/messages/DirectMessages.jsx", "JavaScript", 119, 0, 0, 0, 0, 0, 0, 0, 0, 0, 0, 0, 0, 0, 2, 16, 137
"/Users/jeremy/Code/Sooh/sooh-admin/src/partials/messages/MessagesBody.jsx", "JavaScript", 37, 0, 0, 0, 0, 0, 0, 0, 0, 0, 0, 0, 0, 0, 0, 5, 42
"/Users/jeremy/Code/Sooh/sooh-admin/src/partials/messages/MessagesFooter.jsx", "JavaScript", 75, 0, 0, 0, 0, 0, 0, 0, 0, 0, 0, 0, 0, 0, 0, 12, 87
"/Users/jeremy/Code/Sooh/sooh-admin/src/partials/messages/MessagesHeader.jsx", "JavaScript", 98, 0, 0, 0, 0, 0, 0, 0, 0, 0, 0, 0, 0, 0, 0, 5, 103
"/Users/jeremy/Code/Sooh/sooh-admin/src/partials/messages/MessagesSidebar.jsx", "JavaScript", 100, 0, 0, 0, 0, 0, 0, 0, 0, 0, 0, 0, 0, 0, 0, 6, 106
"/Users/jeremy/Code/Sooh/sooh-admin/src/partials/orders/OrdersTable.jsx", "JavaScript", 243, 0, 0, 0, 0, 0, 0, 0, 0, 0, 0, 0, 0, 0, 2, 13, 258
"/Users/jeremy/Code/Sooh/sooh-admin/src/partials/orders/OrdersTableItem.jsx", "JavaScript", 105, 0, 0, 0, 0, 0, 0, 0, 0, 0, 0, 0, 0, 0, 3, 7, 115
"/Users/jeremy/Code/Sooh/sooh-admin/src/partials/settings/AccountPanel.jsx", "JavaScript", 65, 0, 0, 0, 0, 0, 0, 0, 0, 0, 0, 0, 0, 0, 0, 5, 70
"/Users/jeremy/Code/Sooh/sooh-admin/src/partials/settings/AppsPanel.jsx", "JavaScript", 367, 0, 0, 0, 0, 0, 0, 0, 0, 0, 0, 0, 0, 0, 0, 7, 374
"/Users/jeremy/Code/Sooh/sooh-admin/src/partials/settings/BillingPanel.jsx", "JavaScript", 138, 0, 0, 0, 0, 0, 0, 0, 0, 0, 0, 0, 0, 0, 0, 8, 146
"/Users/jeremy/Code/Sooh/sooh-admin/src/partials/settings/FeedbackPanel.jsx", "JavaScript", 71, 0, 0, 0, 0, 0, 0, 0, 0, 0, 0, 0, 0, 0, 0, 7, 78
"/Users/jeremy/Code/Sooh/sooh-admin/src/partials/settings/NotificationsPanel.jsx", "JavaScript", 81, 0, 0, 0, 0, 0, 0, 0, 0, 0, 0, 0, 0, 0, 0, 8, 89
"/Users/jeremy/Code/Sooh/sooh-admin/src/partials/settings/PlansPanel.jsx", "JavaScript", 228, 0, 0, 0, 0, 0, 0, 0, 0, 0, 0, 0, 0, 0, 0, 11, 239
"/Users/jeremy/Code/Sooh/sooh-admin/src/partials/settings/SettingsSidebar.jsx", "JavaScript", 49, 0, 0, 0, 0, 0, 0, 0, 0, 0, 0, 0, 0, 0, 6, 4, 59
"/Users/jeremy/Code/Sooh/sooh-admin/src/partials/tasks/Task01.jsx", "JavaScript", 54, 0, 0, 0, 0, 0, 0, 0, 0, 0, 0, 0, 0, 0, 0, 3, 57
"/Users/jeremy/Code/Sooh/sooh-admin/src/partials/tasks/Task02.jsx", "JavaScript", 50, 0, 0, 0, 0, 0, 0, 0, 0, 0, 0, 0, 0, 0, 0, 2, 52
"/Users/jeremy/Code/Sooh/sooh-admin/src/partials/tasks/Task03.jsx", "JavaScript", 43, 0, 0, 0, 0, 0, 0, 0, 0, 0, 0, 0, 0, 0, 0, 3, 46
"/Users/jeremy/Code/Sooh/sooh-admin/src/partials/tasks/Task04.jsx", "JavaScript", 60, 0, 0, 0, 0, 0, 0, 0, 0, 0, 0, 0, 0, 0, 0, 3, 63
"/Users/jeremy/Code/Sooh/sooh-admin/src/partials/tasks/Task05.jsx", "JavaScript", 49, 0, 0, 0, 0, 0, 0, 0, 0, 0, 0, 0, 0, 0, 0, 3, 52
"/Users/jeremy/Code/Sooh/sooh-admin/src/partials/tasks/Task06.jsx", "JavaScript", 48, 0, 0, 0, 0, 0, 0, 0, 0, 0, 0, 0, 0, 0, 0, 3, 51
"/Users/jeremy/Code/Sooh/sooh-admin/src/partials/tasks/Task07.jsx", "JavaScript", 54, 0, 0, 0, 0, 0, 0, 0, 0, 0, 0, 0, 0, 0, 0, 3, 57
"/Users/jeremy/Code/Sooh/sooh-admin/src/partials/tasks/Task08.jsx", "JavaScript", 54, 0, 0, 0, 0, 0, 0, 0, 0, 0, 0, 0, 0, 0, 0, 3, 57
"/Users/jeremy/Code/Sooh/sooh-admin/src/partials/tasks/Task09.jsx", "JavaScript", 58, 0, 0, 0, 0, 0, 0, 0, 0, 0, 0, 0, 0, 0, 0, 3, 61
"/Users/jeremy/Code/Sooh/sooh-admin/src/partials/tasks/TasksGroups.jsx", "JavaScript", 26, 0, 0, 0, 0, 0, 0, 0, 0, 0, 0, 0, 0, 0, 0, 2, 28
"/Users/jeremy/Code/Sooh/sooh-admin/src/utils/ProtectedRoute.jsx", "JavaScript", 12, 0, 0, 0, 0, 0, 0, 0, 0, 0, 0, 0, 0, 0, 0, 3, 15
"/Users/jeremy/Code/Sooh/sooh-admin/src/utils/Transition.jsx", "JavaScript", 105, 0, 0, 0, 0, 0, 0, 0, 0, 0, 0, 0, 0, 0, 0, 11, 116
"/Users/jeremy/Code/Sooh/sooh-admin/src/utils/Utils.js", "JavaScript", 29, 0, 0, 0, 0, 0, 0, 0, 0, 0, 0, 0, 0, 0, 1, 5, 35
"/Users/jeremy/Code/Sooh/sooh-admin/src/utils/categories.jsx", "JavaScript", 64, 0, 0, 0, 0, 0, 0, 0, 0, 0, 0, 0, 0, 0, 0, 3, 67
"/Users/jeremy/Code/Sooh/sooh-admin/src/utils/protected-route.jsx", "JavaScript", 12, 0, 0, 0, 0, 0, 0, 0, 0, 0, 0, 0, 0, 0, 0, 3, 15
"/Users/jeremy/Code/Sooh/sooh-admin/vite.config.js", "JavaScript", 30, 0, 0, 0, 0, 0, 0, 0, 0, 0, 0, 0, 0, 0, 6, 2, 38
"Total", "-", 30831, 639, 18, 13856, 377, 76, 122, 101, 41, 8, 42, 31, 27, 25, 4106, 2938, 53238